moderator,model,or,or_lo,or_hi,p,p_holm
difficulty,Qwen/Qwen2.5-72B-Instruct,0.689687025270421,0.3369466274400301,1.4117018960548045,0.30937265671934167,1.0
difficulty,meta-llama/Llama-3.3-70B-Instruct,0.8470352418241898,0.22269889494397616,3.2216985228986235,0.8075702367047605,1.0
source_injected,Qwen/Qwen2.5-72B-Instruct,0.8800505050505054,0.3262306204639352,2.37405333177567,0.8007623236108505,1.0
source_injected,meta-llama/Llama-3.3-70B-Instruct,0.996493673367163,0.4506484130058077,2.203490819899958,0.99307817894252,1.0
diff_lines_z,Qwen/Qwen2.5-72B-Instruct,1.0046957687713671,0.5975505675893601,1.689252161301205,0.9859011246749187,1.0
diff_lines_z,meta-llama/Llama-3.3-70B-Instruct,1.8008141434033305,1.1082440682952188,2.9261889793554072,0.017553388515756822,0.10532033109454093
