moderator,model,or,or_lo,or_hi,p,p_holm
difficulty,claude-sonnet-4-6,0.9680834526418688,0.8846749975857907,1.0593557790561596,0.4804216960347335,0.960843392069467
source_injected,claude-sonnet-4-6,0.705127561709466,0.36989048696656446,1.3441948246895052,0.2885221171050302,0.8655663513150905
diff_lines_z,claude-sonnet-4-6,,,,,
