outcome,model,term,or,or_lo,or_hi,p,cl_or,cl_p,p_holm
approved,Qwen/Qwen2.5-72B-Instruct,cond[confident],1.3097544492002704,0.9137518764664639,1.8773769568974048,0.14184535272785606,3.1690654918541847,0.015205117177604756,0.2757301065408121
approved,Qwen/Qwen2.5-72B-Instruct,cond[confident_extra_neutral],1.7556131260794452,1.1063447593355475,2.785910469999918,0.016897605289870395,13.570806922003827,1.3507437489691324e-05,0.06759042115948158
approved,Qwen/Qwen2.5-72B-Instruct,cond[unsupported_claims],2.6580310880828977,1.3392221067117618,5.2755470730410865,0.005188348257637613,1565181.079162519,0.7896147751119236,0.03113008954582568
approved,meta-llama/Llama-3.3-70B-Instruct,cond[confident],1.3945480631276894,0.8987700367178181,2.163806336351839,0.13786505327040605,5.509100290301331,0.004412536182469242,0.2757301065408121
approved,meta-llama/Llama-3.3-70B-Instruct,cond[confident_extra_neutral],1.609756097560972,0.9393483208541058,2.75863025046829,0.08322057857899393,12.08243977574575,0.0001967059353324203,0.24966173573698178
approved,meta-llama/Llama-3.3-70B-Instruct,cond[unsupported_claims],2.524390243902433,1.2294215433191271,5.18336947822268,0.011647857059454488,386.02394799513354,2.808299136181657e-06,0.05823928529727244
