moderator,model,or,or_lo,or_hi,p,p_holm
difficulty,Qwen/Qwen2.5-72B-Instruct,0.6673792881152467,0.19449242122902288,2.2900384055620457,0.5203260181978713,1.0
difficulty,meta-llama/Llama-3.3-70B-Instruct,0.9675403294576832,0.2187481066601348,4.279508076298635,0.9653041172683138,1.0
source_injected,Qwen/Qwen2.5-72B-Instruct,1.6532104949762807e-15,,,,
source_injected,meta-llama/Llama-3.3-70B-Instruct,0.4573230829883722,0.094272736385696,2.2185035700917988,0.3315463134883806,1.0
diff_lines_z,Qwen/Qwen2.5-72B-Instruct,1.5774191494921754,0.7437932784048817,3.3453531316131984,0.23472083168921576,1.0
diff_lines_z,meta-llama/Llama-3.3-70B-Instruct,3.5100382615969075,0.37696719815552804,32.68286646200748,0.2700381698686066,1.0
